# Tx Location: [-3.0, -4.0, 1.5]
# Rx Positions: [[-7, 8, 1.5], [7, 8, 1.5], [-7, -8, 1.5], [7, -8, 1.5]]
# Rx Orientations: [[-0.7853981633974483, 0, 0], [-2.356194490192345, 0, 0], [0.7853981633974483, 0, 0], [2.356194490192345, 0, 0]]
trial_id,receiver,path_index,a,tau
0,0,0,(-1.767790751220699e-06+2.1107222883426938e-06j) (1.7899448101024848e-06+2.0919679799338454e-06j) (2.358744853367458e-06-1.4200542134895003e-06j) (-1.0111995911784343e-06-2.56080222138487e-06j),4.219289e-08
0,0,1,(1.7754824968447848e-07-6.417176847913266e-07j) (-5.925156381864322e-07-3.0372718661550903e-07j) (-4.173398482055049e-07+5.187990806083964e-07j) (4.236178592727314e-07+5.136857072615538e-07j),4.3363332e-08
0,0,2,(9.777037889332382e-08-7.833708675101318e-08j) (-9.234737452612699e-08-8.466232296608553e-08j) (-6.956866815361189e-08+1.0419188452138463e-07j) (1.1359275915253589e-07+5.284345207082102e-08j),6.876599e-08
0,0,3,(-2.6208749103046272e-08+3.44029809416889e-08j) (-1.3046616678578202e-08+4.12340827591814e-08j) (1.6493767560168406e-09+4.3217395164968685e-08j) (1.6151455342608614e-08+4.011975118174876e-08j),8.6018154e-08
0,0,4,(4.43309142512767e-08-1.439394608416499e-07j) (-8.460485180184498e-08-1.2460263224737521e-07j) (-1.5014108336278713e-07-1.1893507524185114e-08j) (-1.0316750577771047e-07+1.0972814871331775e-07j),9.104527e-08
0,0,5,(-6.244351645087208e-08+5.400253537179091e-08j) (2.652564221221354e-09+8.251321922975168e-08j) (6.578304910815664e-08+4.988041917246654e-08j) (8.016737040807887e-08-1.9714475188022292e-08j),9.159356e-08
0,0,6,(-8.665120776675415e-08+1.0127573883208967e-07j) (-7.822306476646086e-08+1.0791830675773286e-07j) (-6.928787697308866e-08+1.138613054446941e-07j) (-5.990354696209474e-08+1.19066253012451e-07j),9.201776e-08
0,0,7,(7.236581624898953e-08-1.3400351406871342e-08j) (7.106228568741529e-08-1.9144981823791092e-08j) (6.930351562969109e-08-2.4766965626919615e-08j) (6.710075152819681e-08-3.023027099193557e-08j),9.256028e-08
0,1,0,(-1.7401802032711195e-06+8.364834554684404e-07j) (-1.904986535727904e-06+3.145768911059917e-07j) (-1.9167227615077904e-06-2.3260680421758907e-07j) (-1.7744458732127456e-06-7.610998674278944e-07j),5.2104372e-08
0,1,1,(-4.774254794617605e-07-4.331935776797913e-07j) (-3.3949086010497414e-07-5.480307568670377e-07j) (-1.7524155143071383e-07-6.203886567202023e-07j) (2.591242711872477e-09-6.446588163802507e-07j),5.3056617e-08
0,1,2,(5.371341723576825e-07+3.7216082623857096e-07j) (6.510478439338871e-07-5.615671178501351e-08j) (4.654725414473927e-07-4.586416050041999e-07j) (6.577502485952753e-08-6.501464820986318e-07j),7.495921e-08
0,2,0,(5.514675787934268e-05-1.5020042368802555e-05j) (5.514678364897269e-05-1.5019955856473248e-05j) (5.514680573722698e-05-1.501986382208037e-05j) (5.5146831506856984e-05-1.5019777309751064e-05j),1.8869233e-08
0,2,1,(1.4107030302403167e-07+2.355619710514272e-07j) (1.4106995789505837e-07+2.3556215799628774e-07j) (1.4106962714645896e-07+2.3556237370189605e-07j) (1.4106928201748567e-07+2.355625750271305e-07j),2.1358522e-08
0,2,2,(3.973068297604118e-08+2.51392806970485e-08j) (-3.49853285626286e-08+3.1409188423589504e-08j) (-2.0726271104545085e-08-4.220109100123223e-08j) (4.6244068407961364e-08-8.48509287598043e-09j),8.831578e-08
0,2,3,(-3.799572897453042e-07+4.7600855246189805e-07j) (-6.062354927403313e-07-5.856763898871325e-08j) (-2.818077579140681e-07-5.399407036470215e-07j) (2.986149349378296e-07-5.308302766174588e-07j),9.696335e-08
0,2,4,(-2.4481211779367885e-07+1.1108458467042335e-07j) (-2.6365092527948887e-07+5.2544793275742836e-08j) (-2.6869369099054494e-07-8.744532796374502e-09j) (-2.596765350660152e-07-6.957625380083743e-08j),9.6963355e-08
0,2,5,(3.218463714312513e-07+1.2794476056214644e-07j) (7.023760000572696e-08+3.3914837712047445e-07j) (-2.445583041945682e-07+2.452471816252649e-07j) (-3.393445829417926e-07-6.928344062774444e-08j),9.747836e-08
0,2,6,(1.0028225632171234e-07+1.1691893963266611e-07j) (7.125417020638034e-08+1.3656284673093e-07j) (3.8536702102740306e-08+1.491358089458222e-07j) (3.823885220369328e-09+1.5398682675146512e-07j),9.747836e-08
0,2,7,(-1.954508516891043e-10+3.2329798389292995e-08j) (-2.8362711608207294e-08+1.55180807624766e-08j) (-2.7332203230163665e-08-1.7268607270869905e-08j) (1.8352197204024993e-09-3.2278259129280944e-08j),1.2534201e-07
0,2,8,(-1.085602466480615e-08-7.478012284055279e-08j) (7.143342156688541e-08-2.464116252106013e-08j) (3.755788397863454e-08+6.556924889938735e-08j) (-5.7394265191192865e-08+4.9150985492314164e-08j),1.3396658e-07
0,2,9,(4.501959754692597e-08-2.301977177017469e-08j) (3.1181468012897324e-08+3.98044003676809e-08j) (-3.3128674894947093e-08+3.8199018568025485e-08j) (-4.381495362638767e-08-2.5237362037146765e-08j),1.3433981e-07
0,2,10,(-1.5622543393487346e-08+3.142501762014594e-08j) (-1.3983995059007637e-08+3.21876268228563e-08j) (-1.2308361537819339e-08+3.286487053107823e-08j) (-1.0600082770360159e-08+3.345495119807582e-08j),1.4389724e-07
0,2,11,(3.243815450653372e-08-1.426314418058761e-08j) (3.272962670976174e-08+1.3580970700442442e-08j) (1.281048105284185e-08+3.3038808343431944e-08j) (-1.5019164475737484e-08+3.2095110687452416e-08j),1.468061e-07
0,3,0,(1.5031427483373608e-06+7.590893761154602e-07j) (-2.2561863276631266e-07+1.6687573728496022e-06j) (-1.6507514190978484e-06+3.3267789912914043e-07j) (-8.543684415150543e-07-1.451106272517786e-06j),3.592595e-08
0,3,1,(1.2608169684280468e-07-2.5635035458588496e-07j) (2.8479965222281436e-07+2.238820731960574e-08j) (8.44769168055567e-08+2.729024525376337e-07j) (-2.2234403468731614e-07+1.7937451402704268e-07j),3.72936e-08
0,3,2,(-7.472582973894133e-07-4.120200877326319e-07j) (-8.532528121088783e-07+1.07270399012241e-08j) (-7.366638732961778e-07+4.3067597686259565e-07j) (-4.279053389864792e-07+7.382766609883851e-07j),5.7388537e-08
0,3,3,(-2.190172214707349e-07-8.895851718640902e-08j) (1.197456178258213e-07-2.0382136534104427e-07j) (1.8432616568914886e-07+1.480068633134266e-07j) (-1.7314608648897955e-07+1.6094284368672958e-07j),6.476643e-08
0,3,4,(-7.393913700506322e-08+6.615596815398879e-08j) (-5.6402637749047e-08-8.162322508005423e-08j) (8.802891229683904e-08-4.576591019092855e-08j) (3.441239289639813e-08+9.305588116717989e-08j),6.553494e-08
0,3,5,(-2.323088464657379e-08-6.157003816058418e-08j) (-6.543106788670439e-08-7.022732882367797e-09j) (-3.576787974882716e-08+5.523768725553109e-08j) (3.317939806874104e-08+5.683019502546391e-08j),8.0609404e-08
0,3,6,(4.296906767849601e-08-7.106959810753697e-08j) (8.30028853409878e-08-2.783841755665058e-09j) (4.7634384525945413e-08+6.803083816029203e-08j) (-3.100663142717565e-08+7.704425518761107e-08j),1.0442207e-07
0,3,7,(-2.430939651019993e-08-4.2971749618225994e-08j) (2.254065725827837e-08-4.3925351756720396e-08j) (4.908496879089109e-08-5.3088152107980624e-09j) (3.141110460840999e-08+3.80901591376987e-08j),1.0490047e-07
0,3,8,(1.8393177674510297e-08-2.9094386829139353e-08j) (2.8521386451226387e-09-3.4302444152749376e-08j) (-1.3335614558724232e-08-3.173253832063217e-08j) (-2.649955980907547e-08-2.1967378260621343e-08j),1.0788104e-07
0,3,9,(-5.176630454516744e-08+1.7900347881018976e-08j) (-1.3386184941045624e-08+5.311292589709495e-08j) (3.7098617977796154e-08+4.029721218570486e-08j) (5.403635441608035e-08-8.957962710516192e-09j),1.4206854e-07
0,3,10,(-2.207478167809204e-08+3.2812583491624044e-08j) (-3.404300423235531e-08-2.0125502224655764e-08j) (1.8107842295838686e-08-3.515775284063068e-08j) (3.6153058063398224e-08+1.602866312753178e-08j),1.9106555e-07
