# Tx Location: [-6.0, -5.0, 1.5]
# Rx Positions: [[-10, 10, 1.5], [10, 10, 1.5], [-10, -10, 1.5], [10, -10, 1.5]]
# Rx Orientations: [[-1.0471975511965976, 0, 0], [-2.0943951023931953, 0, 0], [1.0471975511965976, 0, 0], [2.0943951023931953, 0, 0]]
trial_id,receiver,path_index,a,tau
0,0,0,(-1.0728050841508377e-07+2.237509385665792e-07j) (8.965018440963991e-08+2.3137942492593497e-07j) (2.300306033768027e-07+9.305653547419176e-08j) (2.2531046135390802e-07-1.0396532173079039e-07j),5.1783072e-08
0,0,1,(-8.197058301130173e-08-4.032109439163818e-09j) (-5.989545081159618e-08+5.610676515140948e-08j) (-1.3251550488072606e-09+8.205898635977385e-08j) (5.805256275681829e-08+5.801149600408966e-08j),5.274111e-08
0,0,2,(-1.0426856786513862e-07+2.513342788487637e-07j) (1.626577176531628e-07+2.181360640607912e-07j) (2.706370259569256e-07-2.8221929545397457e-08j) (1.141533276972233e-07-2.4700178856474874e-07j),7.130785e-08
0,0,3,(-9.086536195405064e-08+8.516787220028017e-08j) (2.549741671852452e-08+1.2190142281638663e-07j) (1.1738272107090511e-07+4.1609798787734634e-08j) (9.658076965368469e-08-7.862718203344149e-08j),7.200659e-08
0,0,4,(6.414670636352189e-08-9.695561566961773e-08j) (-6.211825396410241e-08-9.826756594010298e-08j) (-1.150991464583512e-07+1.6351750582751e-08j) (-3.2291697588678616e-08+1.1168006876290909e-07j),9.159356e-08
0,1,0,(-7.154947837434279e-09+3.962532876184942e-08j) (4.009225231178279e-08+3.73788339433639e-09j) (2.9337940031481444e-10-4.026505047950594e-08j) (-4.014246138721026e-08+3.153254686588815e-09j),1.0595583e-07
0,1,1,(5.176468675310512e-08-2.040155507198313e-08j) (-4.6371931502380205e-08+3.0748176562392854e-08j) (3.8940010473689775e-08-3.9742690588237066e-08j) (-2.979576260229089e-08+4.6989564965745845e-08j),1.11482294e-07
0,1,2,(2.5057619946382788e-08-2.3450176360621284e-08j) (-1.9284383370707747e-08+2.83885153916013e-08j) (1.2566108169188185e-08-3.193568626744445e-08j) (-5.232043787254028e-09+3.3917855433507694e-08j),1.1193051e-07
0,2,0,(-3.171784226877731e-05+3.9289312976615805e-05j) (-1.0335801006838983e-05+4.942512324772946e-05j) (1.331605503565994e-05+4.870682058094155e-05j) (3.404361027883241e-05+3.7292144562894656e-05j),2.1358524e-08
0,2,1,(-5.5218813446215245e-06-9.125237664236712e-06j) (9.123873254362285e-07-1.0626790748523075e-05j) (6.996539218276958e-06-8.050439776633322e-06j) (1.0395851607504448e-05-2.3848285507391803e-06j),4.2192887e-08
0,2,2,(9.999088118600807e-08-2.5488335512414693e-07j) (2.2839906367704632e-07-1.509886482193301e-07j) (2.7368221393129815e-07+7.857871298325438e-09j) (2.193596900748607e-07+1.6384454429045475e-07j),4.336333e-08
0,2,3,(-5.253959333254519e-07+1.124040630666386e-07j) (3.1018621782922873e-07+4.387026701552644e-07j) (2.8114013467597676e-07-4.578600316834257e-07j) (-5.315697154427433e-07-7.816132982136272e-08j),4.64601e-08
0,2,4,(5.466575462037926e-07+3.9773611987188214e-08j) (-5.392569456294287e-07+9.807334461038124e-08j) (4.976492319959078e-07-2.2969902071570959e-07j) (-4.2447377912650293e-07+3.4675412810871445e-07j),5.0034615e-08
0,2,5,(1.5445147101213735e-07+8.416870944221735e-08j) (-1.7272045618266354e-07-3.3275667481729504e-08j) (1.746670411135427e-07-2.07618661250096e-08j) (-1.601072433012608e-07+7.283747813211876e-08j),5.102549e-08
0,2,6,(-2.4664563847290656e-06-4.0761323941132045e-06j) (-4.743724570596941e-06-4.4197296850246857e-07j) (-3.1770138971842743e-06+3.5503307041581492e-06j) (9.641243443499745e-07+4.665696891970487e-06j),5.9013512e-08
0,2,7,(8.495822072937736e-08+1.2965560802389124e-07j) (1.5463014715768694e-07+1.0862353826863293e-08j) (1.0225033272136605e-07-1.16504677011908e-07j) (-3.083710838960533e-08-1.519129467509357e-07j),5.9855935e-08
0,2,8,(-4.541015771642435e-08+7.316545131936619e-08j) (-8.588792628156456e-08+6.2071459328699795e-09j) (-5.545868843652444e-08-6.587561557486913e-08j) (2.075590006739311e-08-8.357306716561885e-08j),6.1506185e-08
0,2,9,(3.3206569785201076e-08+9.197967555601592e-09j) (1.2448034514293118e-08+3.212982131492286e-08j) (-1.834193680725641e-08+2.9169373288774626e-08j) (-3.4350780184478036e-08+2.7023445817523128e-09j),6.231491e-08
0,2,10,(-4.358088787571772e-07+6.435274836057899e-09j) (-2.0577990036262377e-07-3.8422052414867803e-07j) (2.4687785850258807e-07-3.591964590072145e-07j) (4.324438712675513e-07+5.443448225733692e-08j),8.177424e-08
0,2,11,(-1.6522664921494916e-08+3.423469102117941e-08j) (-1.0589186042047064e-08-3.650865954397661e-08j) (3.2276608981377375e-08+2.0080671409062135e-08j) (-3.742999931365487e-08+6.633856115387592e-09j),8.608281e-08
0,2,12,(-1.5711915979159468e-07+6.363223985947975e-07j) (-2.1079771612498536e-07+6.206101144780665e-07j) (-2.6294119630665557e-07+6.003785965420203e-07j) (-3.131700878893459e-07+5.757753299012466e-07j),9.104528e-08
0,2,13,(2.519090623930387e-07-2.54230227302934e-07j) (2.725481488857986e-07-2.3196702138334355e-07j) (2.912262125522966e-07-2.080348005096464e-07j) (3.0780891193967746e-07-1.8260576965914288e-07j),9.159356e-08
0,2,14,(-1.177478243835295e-06-7.850892646681675e-07j) (-4.810616145206574e-07+1.3309396117249186e-06j) (1.4073262020833553e-06+1.4917544125625557e-07j) (-1.9134925268822363e-07-1.4022146119028747e-06j),9.5518224e-08
0,2,15,(-3.061469074178408e-08+3.8807139414064684e-08j) (4.479352368904388e-08+2.0899604941195537e-08j) (1.007060818911055e-08-4.839252143237682e-08j) (-4.941230924168747e-08+1.2951126502099756e-09j),9.604098e-08
0,2,16,(2.9790940503417133e-07+3.4842774478246503e-07j) (-7.638567001450791e-10-4.584227069528876e-07j) (-2.967465792408973e-07+3.494186100647949e-07j) (4.524944553393478e-07-7.348933329024268e-08j),1.0474125e-07
0,2,17,(-1.5114363988908732e-07-1.384757528261651e-07j) (-2.013485737688814e-07+3.84536949895694e-08j) (-8.947500988513189e-08+1.844292873502946e-07j) (9.442278603647542e-08+1.819457967799596e-07j),1.1845049e-07
0,2,18,(-2.3280759378308384e-08+5.253705663459147e-08j) (-5.716105507276921e-08-5.89490172894846e-09j) (-1.2068724291041432e-08-5.618257848254327e-08j) (4.969752238718104e-08-2.8849478276558384e-08j),1.2123574e-07
0,2,19,(-2.44939686090433e-08+4.3745776837802864e-08j) (-1.1773627334820454e-08+4.873427101780827e-08j) (1.8211548159673616e-09+5.010319992472844e-08j) (1.5280680562611533e-08+4.775090150536718e-08j),1.2215006e-07
0,2,20,(-2.4493742118154573e-08+4.3746197463739064e-08j) (-1.1773298383767783e-08+4.873461255168809e-08j) (1.8215642072364653e-09+5.0103440795991056e-08j) (1.5281138937029193e-08+4.775102373854522e-08j),1.2215006e-07
0,2,21,(-2.674287034260821e-08+1.8328679900079066e-08j) (-2.082396417454839e-08+2.4849233948382065e-08j) (-1.3368675038291113e-08+2.9536425142060763e-08j) (-4.9270531337985945e-09+3.2044434249873606e-08j),1.2255927e-07
0,2,22,(-2.6648224114322273e-08+1.8265566236634483e-08j) (-2.0749786610944276e-08+2.4762973275619157e-08j) (-1.332044865691335e-08+2.943338437051812e-08j) (-4.908334380864182e-09+3.193222059733761e-08j),1.2255927e-07
0,2,23,(-3.8611321862841455e-08+5.985045462170286e-08j) (6.524278565139809e-08+2.857077944043576e-08j) (1.7798694815556456e-08-6.896460616810238e-08j) (-7.092062462425159e-08-6.570885356908517e-09j),1.2679823e-07
0,2,24,(2.2716281169470375e-08-6.594334713587827e-08j) (-6.786187595730331e-08-1.610340512081097e-08j) (-9.333542125517492e-09+6.91190226229041e-08j) (6.97025062933809e-08+2.472752026134678e-09j),1.2832466e-07
0,2,25,(4.2979799032509406e-08-1.6418098032773485e-08j) (-2.036782230993702e-08-4.125492711113103e-08j) (-3.9168032872233594e-08+2.413881831269563e-08j) (2.7697986015454248e-08+3.673742612686909e-08j),1.2871425e-07
0,2,26,(-2.2394626718509023e-07-1.957387036332062e-07j) (-1.4986962504491675e-07+2.569137488740412e-07j) (2.806146758141352e-07+9.859499986332964e-08j) (4.376415855072429e-08-2.9419426420113774e-07j),1.2979028e-07
0,3,0,(-7.146930778992115e-08-6.821047779089205e-08j) (9.5694888290919e-08-2.4556426167929273e-08j) (-2.9793950675181092e-08+9.419580621503844e-08j) (-6.416727029818071e-08-7.51205134806519e-08j),5.5915528e-08
0,3,1,(1.785591755883811e-07-2.6776624315705807e-07j) (1.9222638359347888e-07+2.5813006965817603e-07j) (-3.077023821299204e-07+9.43470014660894e-08j) (1.4496926817646653e-08-3.215151051383837e-07j),1.0468812e-07
